playlist_id,playlist_name,playlist_total_tracks,owner_id,owner_name,total_followers
65LdqYCLcsV0lJoxpeQ6fW,TikTok Songs 2021 Tik Tok Hits ‚ö°Summer 2021 ,176,43xzlwfo0tft7hn5r5e6dksrd,LoudKult,1307761
57EG9lWmdn7HHofXuQVsow,TikTok Music 2021 - Best Tik Tok Songs & TikTok Hits,200,21ifzjxggdajdpc4w6iqxslkq,Soave,1088205
0JFatPoPq82gNcPa4esOzj,TikTok songs you can‚Äôt get out of your head | 2021 TikTok songs üåû,145,filtr,Filtr,945443
6uphVe07jO5RRhQpU72QB0,TikTok Hitters,50,4a40kx66brh09a9uyubimog7r,TikTok Tunes,167880
4FLeoROn5GT7n2tZq5XB4V,TikTok Hits,118,ef8zswxc6q41041caiq7x28pa,TikTok,163165
07AVSNs6ydMxKZUwbYykR6,TikTok Music,170,alexalexanderlive,Alex Alexander,159088
3rLA2laPvcX9lLrr9R4uW8,TikTok Music 2021  üçâ,124,dfbuq918p99asqk9jet4cmbc9,Strange Fruits Music,142927
0uqvdRxLapFl6omBnkkLx9,slowed + reverbed songs and vibes from tiktok,144,xbdq7aotyh862s0xlry2kzndo,Relaxing Sounds,125812
0eO9GdldX5XNVSLrRYplt1,Tiktok Songs üçâ ,125,a902190,Strange Fruits,104689
1T3sDN0j3hzg6NE3dbiSmX,sad tiktok songs 2021,100,digster.au,Digster AU,79827
7o1OzDq4DMLMbenntkLpst,"TikTok Latino Trends üçëüî• - Todo De Ti, Poblado, EL MAKINON,  Trakat√°, La Mam√° de la Mam√°, Sal y Per",120,ianjoseaguilar,Ian Jos√© Aguilar,63270
0dca82VPfnpYXT6j3zebTG,‚ú®anime tiktok songs‚ú®,129,ex7n4wnlsrmoy9xj58upkif98,Sean Martin,62754
2afyAZrsG3tbJk6r5Fus3Q,TikTok Dance 2021 üî•Tiktok Hits 2021,156,22pxwkgl6u2w46sgeuyjo3f7y,Susie Susie,46740
2ceYWvirW5MdqR1atydrMY,TikTok Songs,36,qrsji0e3w1x0bx13eo9vyi3mi,noizedream,40675
4nZwtXLKWz0e0FLwfCXsYF,Funk Tiktok 2021 üî• Hits do Tik Tok,60,wbtcvl2jt0u89ms8t4hoggzp6,Jo√£o Uller,37127
4ER4T6CVRbCVLrEkRUdIni,TikTok Philippines - Booty Work - Caroline (Killa West Side) - Love the way - Hold me Close,282,vhan234,Ivhan Christopher,36117
0HfKvuIfCnx3XP99txNFqv,tiktok songs that are actually good,239,dlyffyezurw7t7bu7yvjp23t2,nicola marquard,34854
7nbMmDZhZyNOA67V1H9jh1,Fuego TiKToKs,34,qrsji0e3w1x0bx13eo9vyi3mi,noizedream,34671
5loEFd02qVUHD7tg5Qsueo,DJ Remix TIKTOKüí•üòùü§£,98,laizitameitya,laizitameitya,34612
1uOzLrMZoqPIIctv9m48L0,TikTok Trending Philippines: It Really Hurts Gagong Rapper Kabet ‚Ä¢ M to the B  ‚Ä¢ Binibining Marikit,93,junjulyaugust2,ÏãúÎ∞ú,34507
7gA7tNAZW9VykmyPPIat6N,Ultimate TikTok Gym Playlist ‚ú®,1843,kelseyocallaghan,kelseyocallaghan,32469
3SXSmC5Y33JwljGQrGSRWA,TikTok Songs 2021 | TikTok Hits,100,playlistmeukfeatured,Topsify UK,31785
2CLV6UpP8aFcgqcBSGcNZE,Canciones de TikTok ,90,12128193812,Topsify Mexico,29623
6Sd8lSDSzLnCZt6PWFM1QR,TIKTOK Brasil Hits,892,fuooac4slb8205x56sfixgujw,@Felipefonsecaof,29244
7aKJTobp9gKUkVIZOcQAsR,"TikTok Songs 2021 - Olivia Rodrigo, Lil Nas X, Ariana Grande, Doja Cat, good 4 u, MONTERO, Kiss me M",115,ub3a0bylls5i3lynuszfs076c,haroldbrixx,27058
7Gi4BNxaECW8HanwhyBygV,Slowed Tiktok Songs + Reverb (The Good Ones),203,pandaswerve,Saoirse Zografou,25536
5mU7k6P89yO01Mx5tiqdx6,TikTok 2021üö®| I'm Getting Ripped Tonight | Touch Down 2 cause hell Tiktok | Dick x Clap for em,60,hrsdhaeyyirqp9qj8j52ibl3s,MusicUp2Date,22828
2ExhVuKWGnsfjx17Pvkfgu,üî•Tiktok √âxitos 2021/ Sal y Perrea/Pareja del A√±o/La Mama/Ram Pam/Poblado/Que m√°s Pues/Pikete Nicky,138,21abapufspfbmwra7wfhx4vtq,Gonzalo Apolo Alvarez,22356
7gBTXosJQpiNNeinuQOU3t,alt tiktok songs,337,bmnk1f8vbz17ykj73iyfpb42b,ani ‚ú©‚Äß‚ÇäÀö,21553
1tMrmQGmwTmxFsGPkfGlX8,Tiktok Trending Songs of 2020-2021 üíØ,71,pudge.01,Marco,21192
7t61cADIyhpM5WEkM4MM3D,TIKTOK SLOWED SONGS!!!,76,w4i9r558rvqpugog6x4326bw6,Christa‚Äôs Curse,19105
1l7hQWiFbOEBH8et9OPrcg,TikTok Hits Indonesia,164,sb92nrkxlbuuadvoclm26hzds,Spotify Community ID,18612
7CVQhsEir2eVQWgvDZ9JB8,TikTok Trending ,31,e99af2clmrkkai8uw6c3n0gcj,Playlist 360,17640
0DucMDTeUMgAjdY1eFwJPn,TikTok Hits Brasil,116,marcoriobranco,marcoriobranco,17414
5bzoACyVhG0hcy71S9jueu,TikTok Superstars,32,w6ojcgf5xxb00ldiwyk0ztfq0,Perrier Playlists,16423
0uGAtvQ0sTPBa77wSW3T1V,TikTok Superstars,18,89rl0799o7pqdbj5ih5smk3qv,Supreme Playlists,16171
3e0DJCcZsxVCCd0pH1HD7E,TikTok Dances 2021 (June),295,8498di5vldgq8ojlzmxgwcj1w,mikayla ‚ú®ü¶ã,15843
29XPKAV4r5tQM1DZs16I0r,TikTok Classroom Playlist,34,missbensko,missbensko,14600
7D0lbI8FKeX4MWh5wyGdZ6,tiktoker dms ,77,21xylpwmrqxfdyzwrveqdrt4y,Lorena Deosti,13501
74l7Nd9IApyVVK7HetVrIg,funk tiktok 2021 üòé,23,lllr4zvabx64f3yxtnntumr07,Nicole Marques,13436
4aNL136Ho4Cvb3KU9tVREZ,TikTok„ÇÑÊúÄËøë‰∫∫Ê∞ó„ÅÆÊõ≤,71,6aj970y5bekcix717zvztqc58,„Å¥„Åà„Çì„Åè„ÇìÁõ∏‰∫í„Éï„Ç©„É≠„Éº,13124
3uR9m4ejbsm211PgNxN1DN,TIKTOK 2021 Philippines - Viral Hits Pinoy,311,1270759228,ÊùéÂ∞ºÂÖã (ha? HAKDOG!),12808
1s8kIc48zT8P7fe2IWNUnA,Tiktok Hits Philippines 2021 üíÉüï∫,108,jyhra99st5nhex8kfo4um2dh7,buntala,10895
6Huya6fryaAaUwUT5HXAhy,tiktok june 2021,80,95d4mhi613jodi7e4rs1ftrui,Aksha Mathivathan,10542
1mQlkq09yxLgEIRAsxz97a,TikTok Hity,100,11152361853,Digster Polska,10236
0qLP6fLBHPwqtSIWXfX6N3,japanese tiktok songs 2021,138,xbdq7aotyh862s0xlry2kzndo,Relaxing Sounds,10217
5bu56TEp3B4P62JcxPQHyi,M√∫sicas TikTok,235,1dhq7m3c7btouwje4zx2wj2sd,Hero Gamer,9380
3MRmETcW7lOAd0IPPTXTVU,daddy issues tiktok remix,99,s8sjzl97a2d1u3p1h6h9em4z7,Linnea Bull,9358
7qKD8UoKzwnNa7WoZY9e9i,Tiktok Mashup 2021 (Mashup Tik Tok) Tik Tok Mashup Songs 2021,166,5rsh2ctjrqo31bfg72ypnohma,Tiktok Global,9142
5nIgRjJEDmJ2fkGZp9wWpq,Lagu Viral TikTok,100,getmusicindonesia, getmusic Indonesia,8827
21n0ic4Z1wFQHC1jzik6lq,TikTok Viral 2021 - trending Tik Tok songs,108,eu97ezrk4vqgcq33maumifsin,Rex Dow,8620
4NlFF9QpiR5LuEIUsOafAN,Renegade Tiktok Songs 2021 (Tiktok Viral Songs 2021) Tiktok Hits 2021,129,z5mg1j3m56cae1sqlu8do78x9,Tiktok Global,8561
3Wc7TZLOETZFozXj9e1p2r,Tiktok Remix,195,uodiuu69eqzv88ala58o1dda3,ayriiq,8420
1xBpGoISQRql9Lza59DuSF,JDM TIKTOK üáØüáµ,111,nilsbmx,nils.ngm,7828
1xhOMCq2NBdZyi3bJCaWss,TikTok Hits („ÉÜ„Ç£„ÉÉ„ÇØ„Éà„ÉÉ„ÇØÁ∑èÂêà),100,yama_gucci_tomo,Tomtheskywalker,7788
1RWfTxd358hSdujomctsGu,TikTok Charts | Top 100 TikTok Viral Hits 2021,160,pa6jm0fvmrlwujevjlxecc2nh,TikTok Charts,7562
1cJhRnEsGHCrlCS8FG7lXZ,TikTok 2021 - Trending Tik Tok Songs - Best Dances Worldwide - Viral Hits - Coffin Dance,104,novalightofficial,novalightofficial,7212
2QhGtiyule9T1UKK69dqcu,Tiktok Trending Philippines,58,1w2xgm0jujf3dysdhalk11t4c,M&M.Co0117,7165
5OUJ0uo7MjSZ3DdKV7vY9I,TikTok Trend Indonesia,124,maviosso09031995,TikTok Official,7034
0Pq3VRls7Wkpn4i9Z96EFo,TikTokThomas,167,1137887146,Thomas Broeders,6590
20v7EbZTx4jkseeklp3XtD,Tiktok Dance Compilation 2020 ,73,pybif4fjcx4sbxy2jkwvw1l66,Mike Rioflorido,6550
77ISSV96XAsjoOL2QtDDLt,TIKTOK hits 2019-2020,82,llb6bvg92catdqpdmulcuitzc,People's choice,6445
6Mi66iWTGNguHAx6wa3aup,Tiktok dance Challenge (tagalog/english),32,31ndq3icvrsfnnlnql5havbsacvm,Judith Abulencia,6406
4J8NKqJkc48PKQ88yPnBB1,Tiktok Songs | Talking to the moon | Moon tiktok | Arcade | Bella poarch Build a bitch tiktok ,99,11102180554,SoundWave,5964
1mlEin5jHxAkOeArokFbef,Fortnite TikTok songs,29,4qse0870gccl4kaq1d9w8gaa1,LOOPY CHA!NZ,5459
5dRxQBlgMVk385BOMgEcUR,TikTok Rap Songs!üíØ(TRENDING),263,simenbirkeland,simenbirkeland,4961
6AOyBRfDYSheIKfEtk8EKZ,Funks tiktok 2021 üîû,111,anavrezenden,Ana Rezende,4846
2ynSzkyaMyieIFQth0bnR0,Tiktok  Mashups 2021,53,btr4f91rdy7kfyf1c571um9iu,Analiah,4587
06Cj20gjBkUaYfbrDv4SsX,Remix Tiktok 2021 (Dj Remix Tiktok) Tiktok Remixes 2021,212,qvmm1b21h7vsok4n800zng6rq,Tiktok Global,4198
3autqJTqZsI3JgRI6blC2i,DJ TIKTOK VIRAL 2021,40,yaboyvito,yaboyvito,3959
4WVTmgNnQ3l3wZXRsJ0b4K,Anime tiktok edit audios,163,jv9afwpmxxnywh3xwdxi3jfx9,Connie,3185
3SNvQiQxLH7gBvjyRIdYIJ,DJ TikTok Terbaru 2021,26,kijgeqq7oe7w5nz0i9otn2z6d,Spotify Id,3136
2QWPyrR1MYwq0JCG8d56IA,Tiktok T√ºrkiye ≈ûarkƒ±larƒ±,89,11141380008,Ula≈ü G√∂ll√º,3061
17Dn3xv9WR46P5QLPMFe7c,Copines tiktok,3,21v7l3d24ckdsa3ovpnijdqoq,Jha Jha,2389
2LhCwGaGCkotmCY3qz1dK3,Tiktok Songs 2020-2021,42,em1jffftl2zmq11n6sr1afbha,Jasmine Steadman,2276
0cpje2a8zWQdqt5wOcKlQI,Musica TiKToK 2021,47,22rq4az7aycwf5riceyysk4ha,Alexis Garcia,2095
43AQxD22OSPIXWLXDvCGXq,TIKtOK/budots mix,26,pangit.!,pangit.!,1760
1FMALqD9KdiOVljWlKnSLv,Lagu Barat Viral Tiktok 2021,40,dtozwrwcy466280r3ac11pmja,James,1422
52Gos9MbHaGxeaiRZXMhAG,Viral TikTok Songs 2021 - TikTok Charts 2021 - TikTok Hits / TikTok Music,208,6lbgpisjprc55b7gxtxxpfgi5,Break It Down,1357
6X8cgpSDBW5HXW5m39sxWa,Dangdut Goyang Tiktok 2021,19,bahanasvara,bahanasvara,1201
5V6imMKjb7vwKO8wZa1QhO,Tiktok Skiri Lekong,8,315id6i5lsgeklrrk7nfe4jw4zyu,Yogi King RN,1189
4UYzYTH5C6mi3xoSBwjpaQ,TIKTOK REMIXES,39,k49ow22zieec988ieeg4fhoaq,Rick,1162
0rNhSEylb4SYrZYyKpkXah,Dj TikTok Indonesia,132,fbzffcdr2ja1iqpwn7hsmph4k,Mas Galih,1113
62c65mdal0H1ToFynRaJOw,TikTok Funk Hits 2021,59,22gaqxrsw332wyedxgtcuyg6a,gŒ±bri“Ω‚Ñì –ºourŒ±,1018
45cl8JsVU2aVMEQ1MTSJEF,TIKTOK MUSHUPS,24,22g2s4eooalnredvrl7t7ynki,Mia Marielle Francisco Larcena,917
6Gki0zRsj4yl6wWUivnANR,Tiktok Dance Trends PH,40,mikeeswitzel,Mikee Switzel,764
1O04Yy7GPI7lexgEnH0L5o,Tiktok Dance 2021 Viral Hits Pinoy üî•,47,eqo9ff90e1silgzj9r8zsepik,Rara music,755
5mKV6g75YhdcZFzBUAjHoc,TikToküáπüá∑Edition,254,6d5bh1g9akkb02u2fkdzk3u5x,deniz_6ix3,740
66E9wQae4ME7kNeFkGQUpl,Lagu TikTok 2021 Terbaru - Lagu Tiktok Viral 2021 Bahasa Inggris,60,236ijkfpbe06rn8q2q2xymnht,Hitsify,704
7uyuyC0wkzv1jIhfnIUxr4,TikTok Pinas 2021,118,1iufc2ky46tfd9fb0r03bza4d,Jheff Bautista,341
1QyOzEsHeYTSUMWIls9KVV,TikTok Hits 2021,132,hcw.2020,Harry C,335
28r2bvMoHfikmOc4jKGLqJ,"tiktok brasil m√∫sicas (trap, funk e brega funk)",97,22vwmbw5bowcywt4mq7qgmbha,lizzie,323
3esLlNzdMnEVRhAUMq4spS,TikTok„É©„ÉÉ„ÉóÊõ≤‰ªñ„Å´„ÇÇ„ÅÑ„Çç„ÅÑ„Çç(TikTok„ÅÆÊõ≤),19,kncutrb1x63iok96j4koc48ta,ü§ó,235
6xaCUQnMhXObr5kHn3sSzc,TikTok Mashup Dance Craze Philippines,23,3156cvfzh6vt2udnx42gcelgtzrq,Maricris Medina,149
